Genome ID	Genome size (bp)	P-P type	Confidence level	Predicted by	MinGenes cutoff	MinGenes hits	Composition	Composition size	Composition hits
NZ_CP010398	114848	AB_1	High	MinProteins + Composition	55	90	AB_1_Composition_7	94	90
NZ_CP015484	110965	AB_1	High	MinProteins + Composition	55	93	AB_1_Composition_7	94	93
NZ_CP010780	112157	AB_1	High	MinProteins + Composition	55	91	AB_1_Composition_7	94	91
NZ_CP018257	110964	AB_1	High	MinProteins + Composition	55	93	AB_1_Composition_7	94	93
NZ_CP016296	110968	AB_1	High	MinProteins + Composition	55	93	AB_1_Composition_7	94	93
NZ_CP016299	110967	AB_1	High	MinProteins + Composition	55	94	AB_1_Composition_7	94	94
NZ_CP016301	110967	AB_1	High	MinProteins + Composition	55	94	AB_1_Composition_7	94	94
NZ_CP020585	111999	AB_1	High	MinProteins + Composition	55	94	AB_1_Composition_7	94	94
NZ_CP024125	110967	AB_1	High	MinProteins + Composition	55	94	AB_1_Composition_7	94	94
NZ_CP021327	112155	AB_1	High	MinProteins + Composition	55	94	AB_1_Composition_7	94	94
NZ_CP039519	127784	AB_1	Medium	MinProteins + Composition	55	93	AB_1_Composition_7	94	93
NZ_CP038645	116047	AB_1	High	MinProteins + Composition	55	91	AB_1_Composition_7	94	91
NZ_CP050905	110967	AB_1	High	MinProteins + Composition	55	94	AB_1_Composition_7	94	94
NZ_CP050908	110967	AB_1	High	MinProteins + Composition	55	94	AB_1_Composition_7	94	94
NZ_CP061518	110965	AB_1	High	MinProteins + Composition	55	94	AB_1_Composition_7	94	94
NZ_CP061515	110967	AB_1	High	MinProteins + Composition	55	94	AB_1_Composition_7	94	94
NZ_CP061524	110967	AB_1	High	MinProteins + Composition	55	94	AB_1_Composition_7	94	94
NZ_CP061522	110964	AB_1	High	MinProteins + Composition	55	94	AB_1_Composition_7	94	94
NZ_CP061520	110967	AB_1	High	MinProteins + Composition	55	94	AB_1_Composition_7	94	94
NC_020524	110967	AB_1	High	MinProteins + Composition	55	94	AB_1_Composition_7	94	94
NZ_CP033864	68135	AB_1	Low	MinProteins	55	60	NA	NA	NA
NZ_CP034093	110713	AB_1	High	MinProteins + Composition	55	93	AB_1_Composition_7	94	92
NZ_CP047974	103751	AB_1	High	MinProteins + Composition	55	78	AB_1_Composition_30	78	78
NZ_CP023025	113420	AB_1	High	MinProteins + Composition	55	88	AB_1_Composition_7	94	89
NZ_CP041590	145071	AB_1	Low	MinProteins + Composition	55	88	AB_1_Composition_7	94	89
NZ_CP059387	113330	AB_1	High	MinProteins + Composition	55	86	AB_1_Composition_7	94	87
NC_023031	113866	AB_1	High	MinProteins + Composition	55	89	AB_1_Composition_7	94	90
NZ_CP062920	113139	AB_1	High	MinProteins + Composition	55	89	AB_1_Composition_7	94	90
NZ_CP026128	110754	AB_1	High	MinProteins + Composition	55	88	AB_1_Composition_7	94	89
NZ_AP022239	114365	AB_1	High	MinProteins + Composition	55	92	AB_1_Composition_7	94	92
NZ_CP018333	112773	AB_1	High	MinProteins + Composition	55	92	AB_1_Composition_7	94	92
NZ_CP046537	112007	AB_1	High	MinProteins + Composition	55	87	AB_1_Composition_7	94	91
NZ_CP027046	55018	N15	High	MinProteins + Composition	7	39	N15_Composition_19	43	42
NZ_CP018314	68601	N15	Medium	MinProteins + Composition	7	42	N15_Composition_19	43	43
NZ_CP018688	75838	N15	Low	MinProteins + Composition	7	42	N15_Composition_19	43	43
NZ_CP018703	66149	N15	Medium	MinProteins + Composition	7	42	N15_Composition_19	43	43
NZ_CP018709	73019	N15	Low	MinProteins + Composition	7	42	N15_Composition_19	43	43
NZ_CP018715	80892	N15	Low	MinProteins + Composition	7	41	N15_Composition_19	43	42
NZ_CP018721	73597	N15	Low	MinProteins + Composition	7	42	N15_Composition_19	43	43
NZ_CP018697	79806	N15	Low	MinProteins + Composition	7	42	N15_Composition_19	43	43
NZ_CP017988	73221	N15	Low	MinProteins + Composition	7	42	N15_Composition_19	43	43
NZ_CP032224	73056	N15	Low	MinProteins + Composition	7	39	N15_Composition_19	43	42
NZ_AP023151	54548	N15	High	MinProteins + Composition	7	38	N15_Composition_19	43	41
NZ_CP031794	53774	N15	High	MinProteins + Composition	7	38	N15_Composition_19	43	39
NZ_CP031806	53943	N15	High	MinProteins + Composition	7	41	N15_Composition_19	43	42
NZ_CP061057	57450	N15	High	MinProteins + Composition	7	41	N15_Composition_19	43	42
NZ_CP061066	57450	N15	High	MinProteins + Composition	7	41	N15_Composition_19	43	42
NZ_LR890260	53948	N15	High	MinProteins + Composition	7	40	N15_Composition_19	43	41
NZ_LR890432	53938	N15	High	MinProteins + Composition	7	41	N15_Composition_19	43	42
NZ_LR890506	53943	N15	High	MinProteins + Composition	7	41	N15_Composition_19	43	42
NZ_LR890521	53943	N15	High	MinProteins + Composition	7	41	N15_Composition_19	43	42
NZ_LR890708	53758	N15	High	MinProteins + Composition	7	41	N15_Composition_19	43	42
NZ_LR890486	53776	N15	High	MinProteins + Composition	7	41	N15_Composition_19	43	42
NZ_LR890558	53776	N15	High	MinProteins + Composition	7	41	N15_Composition_19	43	42
NZ_CP034049	54880	N15	High	MinProteins + Composition	7	40	N15_Composition_19	43	42
NZ_CP057317	53776	N15	High	MinProteins + Composition	7	39	N15_Composition_19	43	40
NZ_CP036330	47429	N15	High	MinProteins + Composition	7	38	N15_Composition_19	43	39
NZ_LR025094	55398	N15	High	MinProteins + Composition	7	40	N15_Composition_19	43	41
NZ_CP021942	76739	N15	Low	MinProteins + Composition	7	41	N15_Composition_19	43	42
NZ_CP021949	81698	N15	Low	MinProteins + Composition	7	40	N15_Composition_19	43	41
NZ_CP009276	54715	N15	High	MinProteins + Composition	7	42	N15_Composition_19	43	43
NZ_CP008844	55298	N15	High	MinProteins + Composition	7	39	N15_Composition_19	43	41
NZ_CP011631	53596	N15	High	MinProteins + Composition	7	40	N15_Composition_19	43	40
NZ_LN824139	55416	N15	High	MinProteins + Composition	7	37	N15_Composition_19	43	40
NZ_CP021957	72122	N15	Low	MinProteins + Composition	7	42	N15_Composition_19	43	43
NZ_CP023421	53096	N15	High	MinProteins + Composition	7	41	N15_Composition_19	43	42
NZ_CP045018	51887	N15	High	MinProteins + Composition	7	38	N15_Composition_19	43	42
NZ_CP021760	54404	N15	High	MinProteins + Composition	7	41	N15_Composition_19	43	42
NZ_CP024841	72689	N15	Low	MinProteins + Composition	7	42	N15_Composition_19	43	43
NZ_CP024837	69628	N15	Medium	MinProteins + Composition	7	41	N15_Composition_19	43	42
NZ_CP028992	68953	N15	Medium	MinProteins + Composition	7	41	N15_Composition_19	43	43
NZ_CP024433	55118	N15	High	MinProteins + Composition	7	42	N15_Composition_19	43	43
NZ_CP032191	78188	N15	Low	MinProteins + Composition	7	42	N15_Composition_19	43	43
NZ_CP050366	55119	N15	High	MinProteins + Composition	7	42	N15_Composition_19	43	43
NZ_CP070529	81467	N15	Low	MinProteins + Composition	7	43	N15_Composition_19	43	43
NZ_CP070600	75571	N15	Low	MinProteins + Composition	7	43	N15_Composition_19	43	43
NZ_CP056857	55736	N15	High	MinProteins + Composition	7	40	N15_Composition_19	43	42
NZ_CP070567	77092	N15	Low	MinProteins + Composition	7	40	N15_Composition_19	43	43
NZ_CP009878	51622	N15	High	MinProteins + Composition	7	38	N15_Composition_19	43	42
NZ_CP026270	52919	N15	High	MinProteins + Composition	7	37	N15_Composition_19	43	42
NC_005857	51601	N15	High	MinProteins + Composition	7	37	N15_Composition_19	43	43
NZ_CP028794	54847	N15	High	MinProteins + Composition	7	40	N15_Composition_19	43	41
NZ_CP066531	55161	N15	High	MinProteins + Composition	7	42	N15_Composition_19	43	43
NZ_CP066520	55161	N15	High	MinProteins + Composition	7	42	N15_Composition_19	43	43
NZ_CP064249	56365	N15	High	MinProteins + Composition	7	42	N15_Composition_19	43	43
NZ_CP064255	55186	N15	High	MinProteins + Composition	7	42	N15_Composition_19	43	43
NZ_CP014747	82007	N15	Low	MinProteins + Composition	7	37	N15_Composition_19	43	40
NZ_CP026760	67494	N15	Medium	MinProteins + Composition	7	37	N15_Composition_19	43	40
NZ_CP056423	47363	N15	High	MinProteins + Composition	7	21	N15_Composition_19	43	37
NZ_CP032182	49806	N15	High	MinProteins + Composition	7	22	N15_Composition_19	43	37
NZ_LR025090	53251	N15	High	MinProteins + Composition	7	41	N15_Composition_19	43	42
NZ_CP041953	55133	N15	High	MinProteins + Composition	7	41	N15_Composition_19	43	42
NZ_CP012429	46883	N15	High	MinProteins + Composition	7	36	N15_Composition_19	43	36
NZ_AP019820	47299	N15	High	MinProteins + Composition	7	14	N15_Composition_3	23	23
NZ_CP019258	75007	N15	Low	MinProteins + Composition	7	9	N15_Composition_3	23	20
NZ_CP014491	62572	N15	High	MinProteins + Composition	7	10	N15_Composition_3	23	22
NZ_CP055252	46914	N15	High	MinProteins + Composition	7	9	N15_Composition_3	23	20
NZ_CP055603	33901	N15	Low	MinProteins + Composition	7	7	N15_Composition_9	21	16
NZ_LR883007	46243	N15	High	MinProteins + Composition	7	8	N15_Composition_9	21	16
NZ_CP055678	47010	N15	High	MinProteins + Composition	7	9	N15_Composition_3	23	21
NZ_CP015504	56230	N15	High	MinProteins + Composition	7	37	N15_Composition_19	43	40
NZ_CP033624	54773	N15	High	MinProteins + Composition	7	39	N15_Composition_19	43	42
NZ_CP054718	118798	N15	Low	Composition	7	4	N15_Composition_19	43	37
NC_001901	46375	N15	High	MinProteins + Composition	7	13	N15_Composition_3	23	23
NZ_CP044185	49153	N15	Medium	Composition	7	3	N15_Composition_19	43	36
NZ_CP023381	91199	P1_1	High	MinProteins + Composition	49	70	P1_1_Composition_7	71	71
NZ_CP023961	96807	P1_1	High	MinProteins + Composition	49	69	P1_1_Composition_7	71	71
NZ_CP024832	96987	P1_1	High	MinProteins + Composition	49	68	P1_1_Composition_7	71	70
NZ_CP024817	96990	P1_1	High	MinProteins + Composition	49	68	P1_1_Composition_7	71	70
NZ_CP027199	95895	P1_1	High	MinProteins + Composition	49	71	P1_1_Composition_7	71	71
NZ_CP019054	116028	P1_1	High	MinProteins + Composition	49	66	P1_1_Composition_7	71	66
NZ_CP019075	96986	P1_1	High	MinProteins + Composition	49	66	P1_1_Composition_7	71	68
NZ_CP029117	120846	P1_1	High	MinProteins + Composition	49	68	P1_1_Composition_7	71	70
NZ_CP038506	92027	P1_1	High	MinProteins + Composition	49	69	P1_1_Composition_7	71	70
NZ_CP040920	97266	P1_1	High	MinProteins + Composition	49	65	P1_1_Composition_7	71	65
NZ_CP041922	96668	P1_1	High	MinProteins + Composition	49	60	P1_1_Composition_7	71	61
NZ_CP045829	100217	P1_1	High	MinProteins + Composition	49	66	P1_1_Composition_7	71	66
NZ_CP041960	98151	P1_1	High	MinProteins + Composition	49	66	P1_1_Composition_7	71	68
NZ_CP055258	116030	P1_1	High	MinProteins + Composition	49	67	P1_1_Composition_7	71	67
NZ_AP023222	98308	P1_1	High	MinProteins + Composition	49	67	P1_1_Composition_7	71	69
NZ_AP023233	98309	P1_1	High	MinProteins + Composition	49	68	P1_1_Composition_7	71	70
NZ_CP059290	92457	P1_1	High	MinProteins + Composition	49	70	P1_1_Composition_7	71	70
NZ_CP063334	96331	P1_1	High	MinProteins + Composition	49	66	P1_1_Composition_7	71	68
NZ_CP063505	94185	P1_1	High	MinProteins + Composition	49	69	P1_1_Composition_7	71	71
NZ_LR130557	112419	P1_1	High	MinProteins + Composition	49	67	P1_1_Composition_7	71	68
NZ_LR890200	95734	P1_1	High	MinProteins + Composition	49	70	P1_1_Composition_7	71	70
NZ_LR890538	97184	P1_1	High	MinProteins + Composition	49	69	P1_1_Composition_7	71	70
NZ_CP039843	95647	P1_1	High	MinProteins + Composition	49	70	P1_1_Composition_7	71	71
NZ_CP011063	98436	P1_1	High	MinProteins + Composition	49	68	P1_1_Composition_7	71	70
NZ_CP043218	102028	P1_1	High	MinProteins + Composition	49	61	P1_1_Composition_7	71	61
NZ_CP062902	96199	P1_1	High	MinProteins + Composition	49	66	P1_1_Composition_7	71	68
NZ_CP056963	98816	P1_1	High	MinProteins + Composition	49	69	P1_1_Composition_7	71	71
NZ_CP056970	98816	P1_1	High	MinProteins + Composition	49	69	P1_1_Composition_7	71	71
NZ_LR890206	95815	P1_1	High	MinProteins + Composition	49	70	P1_1_Composition_7	71	71
NZ_LR890724	95815	P1_1	High	MinProteins + Composition	49	70	P1_1_Composition_7	71	71
NZ_CP051361	95358	P1_1	High	MinProteins + Composition	49	68	P1_1_Composition_7	71	71
NZ_CP039862	91904	P1_1	High	MinProteins + Composition	49	71	P1_1_Composition_7	71	71
NZ_CP015837	98242	P1_1	High	MinProteins + Composition	49	68	P1_1_Composition_7	71	69
NZ_CP033848	97018	P1_1	High	MinProteins + Composition	49	68	P1_1_Composition_7	71	68
NZ_AP018809	99498	P1_1	High	MinProteins + Composition	49	64	P1_1_Composition_7	71	64
NZ_CP052881	93854	P1_1	High	MinProteins + Composition	49	63	P1_1_Composition_7	71	63
NZ_AP022544	84757	P1_1	High	MinProteins + Composition	49	64	P1_1_Composition_7	71	64
NZ_CP069704	105203	P1_1	High	MinProteins + Composition	49	63	P1_1_Composition_7	71	65
NZ_CP069714	93942	P1_1	High	MinProteins + Composition	49	68	P1_1_Composition_7	71	68
NZ_CP069885	95822	P1_1	High	MinProteins + Composition	49	68	P1_1_Composition_7	71	70
NZ_LR882977	102017	P1_1	High	MinProteins + Composition	49	70	P1_1_Composition_7	71	70
NZ_CP013030	97704	P1_1	High	MinProteins + Composition	49	68	P1_1_Composition_7	71	68
NZ_CP015997	98216	P1_1	High	MinProteins + Composition	49	69	P1_1_Composition_7	71	69
NZ_CP021203	183508	P1_1	Low	MinProteins + Composition	49	69	P1_1_Composition_7	71	69
NZ_CP027133	97167	P1_1	High	MinProteins + Composition	49	65	P1_1_Composition_7	71	65
NZ_CP027223	72543	P1_1	Medium	Composition	49	43	P1_1_Composition_26	43	43
NZ_CP027443	95157	P1_1	High	MinProteins + Composition	49	64	P1_1_Composition_7	71	64
NZ_CP027590	92449	P1_1	High	MinProteins + Composition	49	59	P1_1_Composition_17	70	59
NZ_CP027575	95952	P1_1	High	MinProteins + Composition	49	68	P1_1_Composition_7	71	68
NZ_CP033882	96948	P1_1	High	MinProteins + Composition	49	69	P1_1_Composition_7	71	69
NZ_CP040069	97582	P1_1	High	MinProteins + Composition	49	68	P1_1_Composition_7	71	70
NZ_CP058684	89589	P1_1	High	MinProteins + Composition	49	64	P1_1_Composition_7	71	65
NZ_AP022163	97833	P1_1	High	MinProteins + Composition	49	67	P1_1_Composition_7	71	68
NZ_CP063155	96139	P1_1	High	MinProteins + Composition	49	70	P1_1_Composition_7	71	70
NZ_CP062816	117229	P1_1	High	MinProteins + Composition	49	67	P1_1_Composition_7	71	67
NZ_CP062827	117229	P1_1	High	MinProteins + Composition	49	68	P1_1_Composition_7	71	68
NZ_CP062839	118942	P1_1	High	MinProteins + Composition	49	68	P1_1_Composition_7	71	68
NZ_CP062884	117198	P1_1	High	MinProteins + Composition	49	68	P1_1_Composition_7	71	68
NZ_LR882054	87822	P1_1	High	MinProteins + Composition	49	71	P1_1_Composition_7	71	71
NZ_CP038288	99810	P1_1	High	MinProteins + Composition	49	67	P1_1_Composition_7	71	67
NZ_CP038378	99810	P1_1	High	MinProteins + Composition	49	67	P1_1_Composition_7	71	67
NC_013370	97897	P1_1	High	MinProteins + Composition	49	68	P1_1_Composition_7	71	68
NZ_CP028125	98899	P1_1	High	MinProteins + Composition	49	59	P1_1_Composition_40	70	59
NZ_CP031351	96355	P1_1	High	MinProteins + Composition	49	68	P1_1_Composition_7	71	70
NZ_CP057563	95926	P1_1	High	MinProteins + Composition	49	71	P1_1_Composition_7	71	71
NZ_CP057567	95926	P1_1	High	MinProteins + Composition	49	71	P1_1_Composition_7	71	71
NC_042128	115154	P1_1	High	MinProteins + Composition	49	70	P1_1_Composition_7	71	70
NC_050153	80732	P1_1	High	MinProteins + Composition	49	56	P1_1_Composition_112	57	57
NZ_CP057359	100338	P1_1	High	MinProteins + Composition	49	67	P1_1_Composition_7	71	68
NZ_CP020522	95146	P1_1	High	MinProteins + Composition	49	70	P1_1_Composition_7	71	70
NC_017653	94015	P1_1	High	MinProteins + Composition	49	70	P1_1_Composition_7	71	71
NZ_CP030188	93719	P1_1	High	MinProteins + Composition	49	70	P1_1_Composition_7	71	71
NC_005856	94800	P1_1	High	MinProteins + Composition	49	70	P1_1_Composition_7	71	70
NZ_CP034163	95683	P1_1	High	MinProteins + Composition	49	64	P1_1_Composition_7	71	64
NZ_CP010146	112874	P1_1	Medium	Composition	49	44	P1_1_Composition_26	43	33
NZ_CP010173	94395	P1_1	High	MinProteins + Composition	49	69	P1_1_Composition_7	71	71
NZ_CP034959	90842	P1_1	High	MinProteins + Composition	49	69	P1_1_Composition_7	71	69
NZ_CP023896	83988	P1_1	High	MinProteins + Composition	49	65	P1_1_Composition_7	71	65
NZ_CP029103	89643	P1_1	High	MinProteins + Composition	49	69	P1_1_Composition_7	71	69
NZ_CP031654	89643	P1_1	High	MinProteins + Composition	49	69	P1_1_Composition_7	71	69
NZ_CP059910	99361	P1_1	High	MinProteins + Composition	49	66	P1_1_Composition_7	71	67
NZ_LR883966	104732	P1_1	Medium	Composition	49	48	P1_1_Composition_26	43	35
NZ_CP026725	97124	P1_1	High	MinProteins + Composition	49	70	P1_1_Composition_7	71	70
NZ_CP048823	115329	P1_1	High	MinProteins + Composition	49	60	P1_1_Composition_7	71	62
NC_031129	103445	P1_1	High	MinProteins + Composition	49	67	P1_1_Composition_7	71	69
NZ_CP030183	94179	P1_1	High	MinProteins + Composition	49	68	P1_1_Composition_7	71	70
NZ_CP031191	103441	P1_1	High	MinProteins + Composition	49	67	P1_1_Composition_7	71	67
NZ_CP019188	95279	P1_1	High	MinProteins + Composition	49	70	P1_1_Composition_7	71	70
NZ_CP034821	146389	P1_1	Low	MinProteins + Composition	49	66	P1_1_Composition_7	71	66
NZ_CP064676	103445	P1_1	High	MinProteins + Composition	49	69	P1_1_Composition_7	71	69
NZ_CP064673	103445	P1_1	High	MinProteins + Composition	49	69	P1_1_Composition_7	71	69
NZ_CP022733	96658	P1_1	High	MinProteins + Composition	49	70	P1_1_Composition_7	71	70
NZ_CP009051	97258	P1_1	High	MinProteins + Composition	49	71	P1_1_Composition_7	71	71
NZ_CP009168	94959	P1_1	High	MinProteins + Composition	49	70	P1_1_Composition_7	71	71
NZ_CP026938	99789	P1_1	High	MinProteins + Composition	49	66	P1_1_Composition_7	71	67
NZ_CP062890	89847	P1_1	High	MinProteins + Composition	49	69	P1_1_Composition_7	71	71
NZ_CP034164	96264	P1_1	High	MinProteins + Composition	49	61	P1_1_Composition_7	71	61
NZ_CP047090	96320	P1_1	High	MinProteins + Composition	49	67	P1_1_Composition_7	71	67
NZ_CP016549	126046	P1_1	Medium	MinProteins + Composition	49	61	P1_1_Composition_7	71	64
NZ_CP062860	97512	P1_1	High	MinProteins + Composition	49	69	P1_1_Composition_7	71	70
NZ_CP062905	97516	P1_1	High	MinProteins + Composition	49	68	P1_1_Composition_7	71	69
NZ_CP069570	90593	P1_1	High	MinProteins + Composition	49	68	P1_1_Composition_7	71	69
NZ_CP041630	92595	P1_1	High	MinProteins + Composition	49	67	P1_1_Composition_7	71	69
NZ_CP023732	93276	P1_1	High	MinProteins + Composition	49	64	P1_1_Composition_7	71	65
NZ_CP055677	94009	P1_1	High	MinProteins + Composition	49	70	P1_1_Composition_7	71	70
NZ_CP058059	94718	P1_1	High	MinProteins + Composition	49	67	P1_1_Composition_7	71	67
NZ_CP012491	95721	P1_1	High	MinProteins + Composition	49	71	P1_1_Composition_7	71	71
NZ_CP021729	114968	P1_1	High	MinProteins + Composition	49	67	P1_1_Composition_7	71	69
NZ_LR890336	98796	P1_1	High	MinProteins + Composition	49	69	P1_1_Composition_7	71	69
NC_050152	101660	P1_1	High	MinProteins + Composition	49	66	P1_1_Composition_7	71	69
NZ_CP057105	97856	P1_1	High	MinProteins + Composition	49	61	P1_1_Composition_7	71	61
NZ_CP026475	104701	P1_1	High	MinProteins + Composition	49	70	P1_1_Composition_7	71	70
NZ_CP035313	96320	P1_1	High	MinProteins + Composition	49	67	P1_1_Composition_7	71	67
NZ_CP030784	100347	P1_1	High	MinProteins + Composition	49	65	P1_1_Composition_7	71	65
NZ_CP037905	98254	P1_1	High	MinProteins + Composition	49	69	P1_1_Composition_7	71	69
NZ_CP055600	113051	P1_1	High	MinProteins + Composition	49	58	P1_1_Composition_40	70	59
NZ_CP063350	121017	P1_1	High	MinProteins + Composition	49	64	P1_1_Composition_7	71	66
NZ_CP021336	86922	P1_1	High	MinProteins + Composition	49	64	P1_1_Composition_7	71	65
NZ_CP021340	86917	P1_1	High	MinProteins + Composition	49	64	P1_1_Composition_7	71	65
NZ_CP057246	91854	P1_1	High	MinProteins + Composition	49	65	P1_1_Composition_7	71	65
NZ_CP017632	369298	P1_1	Low	MinProteins + Composition	49	66	P1_1_Composition_7	71	66
NZ_CP046005	95543	P1_1	High	MinProteins + Composition	49	65	P1_1_Composition_7	71	65
NZ_CP062833	109181	P1_1	High	MinProteins + Composition	49	63	P1_1_Composition_7	71	63
NZ_CP062896	108020	P1_1	High	MinProteins + Composition	49	61	P1_1_Composition_7	71	61
NZ_CP053046	130643	P1_1	Medium	MinProteins + Composition	49	63	P1_1_Composition_7	71	64
NZ_CP057257	96234	P1_1	High	MinProteins + Composition	49	66	P1_1_Composition_7	71	66
NZ_CP020051	91291	P1_2	High	MinProteins + Composition	46	78	P1_2_Composition_1	80	80
NZ_CP021537	97474	P1_2	High	MinProteins + Composition	46	80	P1_2_Composition_5	82	82
NZ_CP021720	216378	P1_2	Low	MinProteins + Composition	46	79	P1_2_Composition_1	80	80
NZ_CP027309	93724	P1_2	High	MinProteins + Composition	46	75	P1_2_Composition_13	81	76
NZ_AP022217	92332	P1_2	High	MinProteins + Composition	46	79	P1_2_Composition_13	81	81
NZ_CP066033	97453	P1_2	High	MinProteins + Composition	46	75	P1_2_Composition_25	81	77
NZ_CP011430	88949	P1_2	High	MinProteins + Composition	46	78	P1_2_Composition_13	81	80
NZ_CP032492	90686	P1_2	High	MinProteins + Composition	46	78	P1_2_Composition_22	80	80
NZ_CP032497	74729	P1_2	Medium	MinProteins + Composition	46	69	P1_2_Composition_13	81	71
NZ_CP035549	88898	P1_2	High	MinProteins + Composition	46	77	P1_2_Composition_13	81	79
NZ_CP029365	89248	P1_2	High	MinProteins + Composition	46	78	P1_2_Composition_16	82	80
NZ_CP058654	89623	P1_2	High	MinProteins + Composition	46	79	P1_2_Composition_16	82	81
NZ_CP058659	89623	P1_2	High	MinProteins + Composition	46	78	P1_2_Composition_12	81	81
NZ_CP058619	91318	P1_2	High	MinProteins + Composition	46	81	P1_2_Composition_14	82	82
NZ_AP018804	92925	P1_2	High	MinProteins + Composition	46	76	P1_2_Composition_13	81	78
NZ_CP047663	90674	P1_2	High	MinProteins + Composition	46	79	P1_2_Composition_10	80	80
NZ_CP069886	91616	P1_2	High	MinProteins + Composition	46	77	P1_2_Composition_17	79	79
NZ_CP028198	92366	P1_2	High	MinProteins + Composition	46	79	P1_2_Composition_25	81	81
NC_050154	91159	P1_2	High	MinProteins + Composition	46	80	P1_2_Composition_13	81	81
NZ_CP061103	92656	P1_2	High	MinProteins + Composition	46	82	P1_2_Composition_16	82	82
NZ_CP034790	91762	P1_2	High	MinProteins + Composition	46	72	P1_2_Composition_17	79	76
NZ_CP032875	92538	P1_2	High	MinProteins + Composition	46	80	P1_2_Composition_2	82	82
NZ_CP022228	92538	P1_2	High	MinProteins + Composition	46	80	P1_2_Composition_2	82	82
NZ_CP028585	92537	P1_2	High	MinProteins + Composition	46	79	P1_2_Composition_2	82	81
NZ_CP056699	94137	P1_2	High	MinProteins + Composition	46	57	P1_2_Composition_16	82	73
NZ_LR890273	92830	P1_2	High	MinProteins + Composition	46	60	P1_2_Composition_18	77	77
NZ_CP056375	107685	pCAV	High	MinProteins + Composition	30	72	pCAV_Composition_2	73	72
NZ_CP068974	108342	pCAV	High	MinProteins + Composition	30	73	pCAV_Composition_2	73	73
NZ_CP032196	109398	pCAV	High	MinProteins + Composition	30	73	pCAV_Composition_2	73	73
NZ_CP065827	110785	pCAV	High	MinProteins + Composition	30	71	pCAV_Composition_2	73	72
NZ_CP027615	108623	pCAV	High	MinProteins + Composition	30	72	pCAV_Composition_2	73	72
NZ_CP057316	110717	pCAV	High	MinProteins + Composition	30	66	pCAV_Composition_8	72	69
NZ_AP024176	110494	pCAV	High	MinProteins + Composition	30	70	pCAV_Composition_2	73	71
NZ_CP011616	117623	pCAV	High	MinProteins + Composition	30	72	pCAV_Composition_2	73	73
NZ_CP011594	111395	pCAV	High	MinProteins + Composition	30	72	pCAV_Composition_2	73	73
NZ_CP017931	111395	pCAV	High	MinProteins + Composition	30	72	pCAV_Composition_2	73	73
NZ_CP018360	111017	pCAV	High	MinProteins + Composition	30	65	pCAV_Composition_5	67	67
NZ_CP031578	60477	pCAV	Low	MinProteins + Composition	30	43	pCAV_Composition_6	44	44
NZ_CP056140	108254	pCAV	High	MinProteins + Composition	30	39	pCAV_Composition_1	42	42
NZ_LR890729	103830	pCAV	Medium	Composition	30	1	pCAV_Composition_9	69	66
NZ_CP009490	96196	pMT1	High	MinProteins + Composition	50	88	pMT1_Composition_16	92	88
NZ_CP009722	96210	pMT1	High	MinProteins + Composition	50	91	pMT1_Composition_16	92	91
NZ_CP009784	96921	pMT1	High	MinProteins + Composition	50	91	pMT1_Composition_16	92	91
NZ_CP009989	99286	pMT1	High	MinProteins + Composition	50	88	pMT1_Composition_16	92	88
NZ_CP016275	96210	pMT1	High	MinProteins + Composition	50	91	pMT1_Composition_16	92	91
NZ_CP033693	113378	pMT1	High	MinProteins + Composition	50	74	pMT1_Composition_8	74	74
NZ_CP033700	132950	pMT1	Low	MinProteins + Composition	50	87	pMT1_Composition_16	92	87
NZ_CP033694	106990	pMT1	High	MinProteins + Composition	50	88	pMT1_Composition_16	92	89
NZ_CP045146	100979	pMT1	High	MinProteins + Composition	50	91	pMT1_Composition_16	92	91
NZ_CP045150	100984	pMT1	High	MinProteins + Composition	50	91	pMT1_Composition_16	92	91
NZ_CP045155	99286	pMT1	High	MinProteins + Composition	50	89	pMT1_Composition_16	92	89
NZ_CP045164	100989	pMT1	High	MinProteins + Composition	50	90	pMT1_Composition_16	92	90
NZ_CP045259	100984	pMT1	High	MinProteins + Composition	50	92	pMT1_Composition_16	92	92
NZ_CP045637	100916	pMT1	High	MinProteins + Composition	50	89	pMT1_Composition_16	92	89
NC_004838	100990	pMT1	High	MinProteins + Composition	50	90	pMT1_Composition_16	92	90
NC_003134	96210	pMT1	High	MinProteins + Composition	50	91	pMT1_Composition_16	92	91
NZ_CP009971	96210	pMT1	High	MinProteins + Composition	50	91	pMT1_Composition_16	92	91
NC_005815	106642	pMT1	High	MinProteins + Composition	50	89	pMT1_Composition_16	92	90
NC_010158	114570	pMT1	High	MinProteins + Composition	50	84	pMT1_Composition_22	84	84
NZ_CP009934	95352	pMT1	High	MinProteins + Composition	50	84	pMT1_Composition_22	84	84
NC_008120	96471	pMT1	High	MinProteins + Composition	50	86	pMT1_Composition_16	92	86
NZ_CP009904	96473	pMT1	High	MinProteins + Composition	50	85	pMT1_Composition_10	87	85
NC_008118	100918	pMT1	High	MinProteins + Composition	50	90	pMT1_Composition_16	92	90
NC_017266	99286	pMT1	High	MinProteins + Composition	50	89	pMT1_Composition_16	92	89
NC_017155	94249	pMT1	High	MinProteins + Composition	50	91	pMT1_Composition_16	92	91
NC_014022	94251	pMT1	High	MinProteins + Composition	50	92	pMT1_Composition_16	92	92
NZ_CP010021	106992	pMT1	High	MinProteins + Composition	50	89	pMT1_Composition_16	92	90
NC_017169	96210	pMT1	High	MinProteins + Composition	50	91	pMT1_Composition_16	92	91
NZ_CP009841	95328	pMT1	High	MinProteins + Composition	50	91	pMT1_Composition_16	92	91
NZ_CP045159	101698	pMT1	High	MinProteins + Composition	50	91	pMT1_Composition_16	92	91
NZ_CP006790	100984	pMT1	High	MinProteins + Composition	50	91	pMT1_Composition_16	92	91
NC_009378	137010	pMT1	Low	MinProteins + Composition	50	91	pMT1_Composition_16	92	91
NZ_CP009714	136983	pMT1	Low	MinProteins + Composition	50	89	pMT1_Composition_16	92	89
NZ_CP010248	136889	pMT1	Low	MinProteins + Composition	50	90	pMT1_Composition_16	92	91
NZ_CP006779	137017	pMT1	Low	MinProteins + Composition	50	91	pMT1_Composition_16	92	91
NZ_CP006760	137017	pMT1	Low	MinProteins + Composition	50	91	pMT1_Composition_16	92	91
NZ_CP006756	137012	pMT1	Low	MinProteins + Composition	50	90	pMT1_Composition_16	92	90
NZ_CP006752	137727	pMT1	Low	MinProteins + Composition	50	90	pMT1_Composition_16	92	90
NZ_CP006749	140938	pMT1	Low	MinProteins + Composition	50	91	pMT1_Composition_16	92	91
NZ_CP006746	137017	pMT1	Low	MinProteins + Composition	50	91	pMT1_Composition_16	92	91
NZ_CP009702	99285	pMT1	High	MinProteins + Composition	50	87	pMT1_Composition_16	92	87
NZ_CP009843	53435	pMT1	Low	Composition	50	47	pMT1_Composition_5	47	47
NZ_CP033692	101615	pMT1	High	MinProteins + Composition	50	77	pMT1_Composition_9	77	77
NC_017241	57919	cp32	Low	Composition	NA	NA	cp32_Composition_1	32	27
NC_017226	31118	cp32	High	MinProteins + Composition	18	29	cp32_Composition_1	32	32
NC_017227	30949	cp32	High	MinProteins + Composition	18	27	cp32_Composition_1	32	32
NC_017224	30718	cp32	High	MinProteins + Composition	18	26	cp32_Composition_1	32	30
NC_017225	30065	cp32	High	MinProteins + Composition	18	28	cp32_Composition_1	32	31
NC_017230	30000	cp32	High	MinProteins + Composition	18	29	cp32_Composition_1	32	32
NC_017228	29421	cp32	High	MinProteins + Composition	18	22	cp32_Composition_1	32	26
NC_017231	25262	cp32	Medium	MinProteins + Composition	18	19	cp32_Composition_19	27	21
NZ_CP009059	57181	cp32	Low	Composition	NA	NA	cp32_Composition_1	32	27
NZ_CP009068	31266	cp32	High	MinProteins + Composition	18	27	cp32_Composition_1	32	32
NZ_CP009070	30797	cp32	High	MinProteins + Composition	18	29	cp32_Composition_1	32	32
NZ_CP009069	30468	cp32	High	MinProteins + Composition	18	27	cp32_Composition_1	32	32
NZ_CP009071	30397	cp32	High	MinProteins + Composition	18	28	cp32_Composition_1	32	32
NZ_CP009214	55230	cp32	Low	Composition	NA	NA	cp32_Composition_1	32	27
NZ_CP014325	89872	cp32	Low	Composition	NA	NA	cp32_Composition_17	29	23
NZ_CP028874	54911	cp32	Low	Composition	18	14	cp32_Composition_32	30	24
NZ_CP028881	31009	cp32	High	MinProteins + Composition	18	30	cp32_Composition_1	32	31
NZ_CP028880	28588	cp32	High	MinProteins + Composition	18	21	cp32_Composition_1	32	26
NC_015919	55219	cp32	Low	Composition	NA	NA	cp32_Composition_23	31	25
NC_015910	30767	cp32	High	MinProteins + Composition	18	28	cp32_Composition_1	32	30
NC_015908	30547	cp32	High	MinProteins + Composition	18	29	cp32_Composition_1	32	31
NC_015904	30529	cp32	High	MinProteins + Composition	18	31	cp32_Composition_1	32	32
NC_015903	30294	cp32	High	MinProteins + Composition	18	29	cp32_Composition_1	32	31
NC_015905	30092	cp32	High	MinProteins + Composition	18	26	cp32_Composition_1	32	29
NC_015909	29936	cp32	High	MinProteins + Composition	18	29	cp32_Composition_1	32	32
NZ_CP019854	53650	cp32	Low	Composition	NA	NA	cp32_Composition_1	32	27
NZ_CP019855	52971	cp32	Low	MinProteins + Composition	18	29	cp32_Composition_1	32	30
NZ_CP019846	30726	cp32	High	MinProteins + Composition	18	26	cp32_Composition_1	32	27
NZ_CP019849	30674	cp32	High	MinProteins + Composition	18	28	cp32_Composition_1	32	30
NZ_CP019850	30580	cp32	High	MinProteins + Composition	18	26	cp32_Composition_1	32	27
NZ_CP019847	30418	cp32	High	MinProteins + Composition	18	32	cp32_Composition_1	32	32
NZ_CP019848	30299	cp32	High	MinProteins + Composition	18	31	cp32_Composition_1	32	31
NZ_CP019921	62238	cp32	Low	MinProteins + Composition	18	31	cp32_Composition_1	32	31
NZ_CP019918	56632	cp32	Low	MinProteins + Composition	18	32	cp32_Composition_1	32	32
NZ_CP019925	53650	cp32	Low	Composition	NA	NA	cp32_Composition_1	32	27
NZ_CP019926	52971	cp32	Low	MinProteins + Composition	18	29	cp32_Composition_1	32	30
NZ_CP019919	31245	cp32	High	MinProteins + Composition	18	30	cp32_Composition_1	32	30
NZ_CP019920	25789	cp32	Medium	MinProteins + Composition	18	23	cp32_Composition_66	28	22
NZ_CP019756	61418	cp32	Low	MinProteins + Composition	18	32	cp32_Composition_1	32	32
NZ_CP019765	53650	cp32	Low	Composition	NA	NA	cp32_Composition_1	32	27
NZ_CP019766	52951	cp32	Low	MinProteins + Composition	18	29	cp32_Composition_1	32	30
NZ_CP019757	31245	cp32	High	MinProteins + Composition	18	30	cp32_Composition_1	32	30
NZ_CP019760	30651	cp32	High	MinProteins + Composition	18	26	cp32_Composition_1	32	27
NZ_CP019759	30300	cp32	High	MinProteins + Composition	18	30	cp32_Composition_1	32	30
NZ_CP019758	30222	cp32	High	MinProteins + Composition	18	32	cp32_Composition_1	32	32
NZ_CP017218	53759	cp32	Low	Composition	NA	NA	cp32_Composition_1	32	27
NZ_CP017206	30617	cp32	High	MinProteins + Composition	18	32	cp32_Composition_1	32	32
NZ_CP017204	30192	cp32	High	MinProteins + Composition	18	29	cp32_Composition_1	32	31
NZ_CP017205	30176	cp32	High	MinProteins + Composition	18	32	cp32_Composition_1	32	32
NZ_CP017209	30054	cp32	High	MinProteins + Composition	18	28	cp32_Composition_1	32	30
NZ_CP017208	30017	cp32	High	MinProteins + Composition	18	29	cp32_Composition_1	32	29
NZ_CP017203	29892	cp32	High	MinProteins + Composition	18	32	cp32_Composition_1	32	32
NZ_CP031397	53798	cp32	Low	Composition	NA	NA	cp32_Composition_1	32	26
NZ_CP031408	30883	cp32	High	MinProteins + Composition	18	25	cp32_Composition_1	32	26
NZ_CP031406	30606	cp32	High	MinProteins + Composition	18	25	cp32_Composition_1	32	26
NC_001857	53657	cp32	Low	Composition	NA	NA	cp32_Composition_1	32	27
NC_000956	52971	cp32	Low	MinProteins + Composition	18	29	cp32_Composition_1	32	30
NC_000953	30885	cp32	High	MinProteins + Composition	18	32	cp32_Composition_1	32	32
NC_000952	30800	cp32	High	MinProteins + Composition	18	30	cp32_Composition_1	32	32
NC_000948	30750	cp32	High	MinProteins + Composition	18	32	cp32_Composition_1	32	32
NC_000954	30651	cp32	High	MinProteins + Composition	18	26	cp32_Composition_1	32	27
NC_000950	30299	cp32	High	MinProteins + Composition	18	31	cp32_Composition_1	32	31
NC_000949	30223	cp32	High	MinProteins + Composition	18	32	cp32_Composition_1	32	32
NC_000951	29838	cp32	High	MinProteins + Composition	18	32	cp32_Composition_1	32	32
NC_011784	53615	cp32	Low	Composition	NA	NA	cp32_Composition_1	32	27
NC_011720	48168	cp32	Low	Composition	18	16	cp32_Composition_1	32	32
NC_011736	30964	cp32	High	MinProteins + Composition	18	30	cp32_Composition_1	32	32
NC_011722	30467	cp32	High	MinProteins + Composition	18	28	cp32_Composition_1	32	28
NC_011731	30330	cp32	High	MinProteins + Composition	18	29	cp32_Composition_1	32	29
NC_011735	29806	cp32	High	MinProteins + Composition	18	32	cp32_Composition_1	32	32
NC_013130	53786	cp32	Low	Composition	NA	NA	cp32_Composition_1	32	27
NC_017402	30658	cp32	High	MinProteins + Composition	18	24	cp32_Composition_1	32	27
NC_017424	30154	cp32	High	MinProteins + Composition	18	29	cp32_Composition_1	32	31
NC_017398	29615	cp32	High	MinProteins + Composition	18	24	cp32_Composition_1	32	26
NC_017423	27767	cp32	High	MinProteins + Composition	18	26	cp32_Composition_1	32	32
NC_017394	60739	cp32	Low	MinProteins + Composition	18	31	cp32_Composition_1	32	31
NC_013129	52916	cp32	Low	Composition	NA	NA	cp32_Composition_1	32	26
NC_017426	31085	cp32	High	MinProteins + Composition	18	30	cp32_Composition_1	32	32
NC_017425	30804	cp32	High	MinProteins + Composition	18	30	cp32_Composition_1	32	32
NC_017397	30697	cp32	High	MinProteins + Composition	18	30	cp32_Composition_1	32	32
NC_017428	30314	cp32	High	MinProteins + Composition	18	29	cp32_Composition_1	32	30
NC_017396	30019	cp32	High	MinProteins + Composition	18	30	cp32_Composition_1	32	32
NC_017393	29902	cp32	High	MinProteins + Composition	18	29	cp32_Composition_1	32	31
NC_017427	29707	cp32	High	MinProteins + Composition	18	30	cp32_Composition_1	32	32
NC_011247	163884	cp32	Low	Composition	NA	NA	cp32_Composition_64	31	25
NC_011245	28343	cp32	Medium	Composition	NA	NA	cp32_Composition_1	32	29
NC_011265	27476	cp32	Medium	Composition	NA	NA	cp32_Composition_1	32	27
NC_011261	26917	cp32	Medium	Composition	NA	NA	cp32_Composition_1	32	27
NZ_CP018745	57532	cp32	Low	Composition	NA	NA	cp32_Composition_64	31	25
NZ_CP018747	27673	cp32	High	MinProteins + Composition	18	23	cp32_Composition_1	32	28
NZ_CP018748	27114	cp32	Medium	MinProteins + Composition	18	22	cp32_Composition_1	32	26
NZ_CP028862	57459	cp32	Low	Composition	NA	NA	cp32_Composition_64	31	25
NZ_CP028868	30422	cp32	High	MinProteins + Composition	18	23	cp32_Composition_1	32	28
NZ_CP028864	29563	cp32	High	MinProteins + Composition	18	25	cp32_Composition_1	32	30
NZ_CP014350	182863	cp32	Low	Composition	NA	NA	cp32_Composition_17	29	23
NZ_CP014351	27881	cp32	Medium	Composition	NA	NA	cp32_Composition_1	32	27
NZ_CP015798	30433	cp32	High	MinProteins + Composition	18	29	cp32_Composition_1	32	31
NZ_CP015801	30406	cp32	High	MinProteins + Composition	18	29	cp32_Composition_1	32	31
NZ_CP015800	30330	cp32	High	MinProteins + Composition	18	23	cp32_Composition_65	24	24
NZ_CP015799	27866	cp32	High	MinProteins + Composition	18	25	cp32_Composition_1	32	28
NZ_CP015782	30433	cp32	High	MinProteins + Composition	18	29	cp32_Composition_1	32	31
NZ_CP015785	30406	cp32	High	MinProteins + Composition	18	29	cp32_Composition_1	32	31
NZ_CP015784	30297	cp32	High	MinProteins + Composition	18	23	cp32_Composition_65	24	24
NZ_CP015783	27866	cp32	High	MinProteins + Composition	18	25	cp32_Composition_1	32	28
NZ_CP024206	73587	cp32	Low	Composition	NA	NA	cp32_Composition_64	31	25
NZ_CP024209	37315	cp32	Low	Composition	NA	NA	cp32_Composition_1	32	32
NZ_CP024211	30058	cp32	Medium	Composition	NA	NA	cp32_Composition_1	32	31
NZ_CP024217	22657	cp32	Low	Composition	NA	NA	cp32_Composition_4	31	25
NZ_CP024317	73508	cp32	Low	Composition	NA	NA	cp32_Composition_64	31	25
NZ_CP024321	30033	cp32	Medium	Composition	NA	NA	cp32_Composition_1	32	31
NZ_CP024334	72400	cp32	Low	Composition	NA	NA	cp32_Composition_64	31	25
NZ_CP024338	29115	cp32	Medium	Composition	NA	NA	cp32_Composition_1	32	31
NZ_CP024352	73591	cp32	Low	Composition	NA	NA	cp32_Composition_64	31	25
NZ_CP024357	30045	cp32	Medium	Composition	NA	NA	cp32_Composition_1	32	32
NZ_CP024358	30026	cp32	Medium	Composition	NA	NA	cp32_Composition_1	32	27
NZ_CP024372	73569	cp32	Low	Composition	NA	NA	cp32_Composition_64	31	25
NZ_CP024378	29451	cp32	Medium	Composition	NA	NA	cp32_Composition_1	32	32
NZ_CP024391	73492	cp32	Low	Composition	NA	NA	cp32_Composition_64	31	25
NZ_CP024395	30091	cp32	Medium	Composition	NA	NA	cp32_Composition_1	32	31
NZ_CP040828	29490	cp32	Medium	Composition	NA	NA	cp32_Composition_1	32	31
NZ_CP021873	73089	cp32	Low	Composition	NA	NA	cp32_Composition_64	31	25
NZ_CP007036	113739	cp32	Low	Composition	NA	NA	cp32_Composition_64	31	25
NZ_CP015630	159481	cp32	Low	Composition	NA	NA	cp32_Composition_64	31	25
NZ_CP019362	30716	cp32	Medium	Composition	NA	NA	cp32_Composition_1	32	32
NZ_CP028885	129143	cp32	Low	Composition	NA	NA	cp32_Composition_64	31	25
NZ_CP028888	33967	cp32	Medium	Composition	NA	NA	cp32_Composition_12	26	21
NZ_CP028891	27941	cp32	Medium	Composition	NA	NA	cp32_Composition_1	32	30
NZ_CP009119	53970	cp32	Low	Composition	NA	NA	cp32_Composition_1	32	26
NZ_CP011655	109688	SSU5_pHCM2	High	MinProteins + Composition	71	90	SSU5_pHCM2_Composition_1	90	90
NZ_CP032183	121983	SSU5_pHCM2	High	MinProteins + Composition	71	86	SSU5_pHCM2_Composition_1	90	87
NZ_CP048417	110347	SSU5_pHCM2	High	MinProteins + Composition	71	87	SSU5_pHCM2_Composition_1	90	88
NZ_CP056516	216816	pKpn	Low	MinProteins	38	49	NA	NA	NA
NZ_CP056637	118387	SSU5_pHCM2	High	MinProteins + Composition	71	84	SSU5_pHCM2_Composition_4	84	84
NZ_CP070546	109710	SSU5_pHCM2	High	MinProteins + Composition	71	79	SSU5_pHCM2_Composition_5	84	84
NZ_CP057633	105909	pKpn	High	MinProteins + Composition	38	52	pKpn_Composition_1	76	76
NZ_CP057631	105909	pKpn	High	MinProteins + Composition	38	52	pKpn_Composition_1	76	76
NZ_CP056836	119392	SSU5_pHCM2	High	MinProteins + Composition	71	89	SSU5_pHCM2_Composition_1	90	89
NZ_CP056422	112583	SSU5_pHCM2	High	MinProteins + Composition	71	90	SSU5_pHCM2_Composition_1	90	90
NZ_CP056401	119726	SSU5_pHCM2	High	MinProteins + Composition	71	89	SSU5_pHCM2_Composition_1	90	89
NZ_CP056343	122594	SSU5_pHCM2	High	MinProteins + Composition	71	86	SSU5_pHCM2_Composition_1	90	87
NZ_CP012254	110093	pKpn	High	MinProteins + Composition	38	58	pKpn_Composition_3	78	78
NZ_CP017663	109007	pKpn	Medium	Composition	38	10	pKpn_Composition_4	79	78
NZ_CP030078	108358	SSU5_pHCM2	High	MinProteins + Composition	71	86	SSU5_pHCM2_Composition_1	90	88
NZ_CP031722	114700	SSU5_pHCM2	High	MinProteins + Composition	71	89	SSU5_pHCM2_Composition_1	90	90
NZ_CP019891	112190	SSU5_pHCM2	High	MinProteins + Composition	71	86	SSU5_pHCM2_Composition_1	90	87
NZ_CP042573	114054	SSU5_pHCM2	High	MinProteins + Composition	71	90	SSU5_pHCM2_Composition_1	90	90
NZ_CP046272	114701	SSU5_pHCM2	High	MinProteins + Composition	71	89	SSU5_pHCM2_Composition_1	90	90
NZ_CP051133	108999	SSU5_pHCM2	High	MinProteins + Composition	71	85	SSU5_pHCM2_Composition_1	90	88
NZ_CP044336	126563	SSU5_pHCM2	Medium	MinProteins + Composition	71	85	SSU5_pHCM2_Composition_1	90	87
NZ_CP053193	108277	SSU5_pHCM2	High	MinProteins + Composition	71	87	SSU5_pHCM2_Composition_1	90	89
NZ_CP058165	206287	SSU5_pHCM2	Low	MinProteins + Composition	71	84	SSU5_pHCM2_Composition_2	87	84
NZ_CP061745	106755	SSU5_pHCM2	High	MinProteins + Composition	71	84	SSU5_pHCM2_Composition_18	85	85
NZ_CP047967	110177	SSU5_pHCM2	High	MinProteins + Composition	71	86	SSU5_pHCM2_Composition_1	90	87
NZ_CP064658	106771	SSU5_pHCM2	High	MinProteins + Composition	71	84	SSU5_pHCM2_Composition_18	85	85
NZ_CP010386	121660	SSU5_pHCM2	High	MinProteins + Composition	71	86	SSU5_pHCM2_Composition_30	89	86
NZ_CP029247	108404	SSU5_pHCM2	High	MinProteins + Composition	71	86	SSU5_pHCM2_Composition_1	90	88
NZ_CP024909	108404	SSU5_pHCM2	High	MinProteins + Composition	71	86	SSU5_pHCM2_Composition_1	90	88
NZ_CP034755	160216	SSU5_pHCM2	Low	MinProteins + Composition	71	87	SSU5_pHCM2_Composition_1	90	87
NZ_AP019819	115150	SSU5_pHCM2	High	MinProteins + Composition	71	87	SSU5_pHCM2_Composition_1	90	87
NZ_AP022453	109813	SSU5_pHCM2	High	MinProteins + Composition	71	87	SSU5_pHCM2_Composition_1	90	87
NZ_CP014490	109910	pSLy3	High	MinProteins + Composition	47	93	pSLy3_Composition_9	95	93
NZ_CP015915	114472	pSLy3	High	MinProteins + Composition	47	88	pSLy3_Composition_2	91	91
NZ_CP017847	113343	pSLy3	High	MinProteins + Composition	47	90	pSLy3_Composition_26	92	90
NZ_CP010144	114159	pSLy3	High	MinProteins + Composition	47	85	pSLy3_Composition_28	88	86
NZ_CP010153	114159	pSLy3	High	MinProteins + Composition	47	85	pSLy3_Composition_28	88	86
NZ_CP010244	113250	pSLy3	High	MinProteins + Composition	47	55	pSLy3_Composition_6	79	79
NZ_CP019002	112917	pSLy3	High	MinProteins + Composition	47	90	pSLy3_Composition_9	95	93
NZ_CP019013	109057	pSLy3	High	MinProteins + Composition	47	94	pSLy3_Composition_9	95	94
NZ_CP019027	109344	pSLy3	High	MinProteins + Composition	47	95	pSLy3_Composition_9	95	95
NZ_CP020118	111212	pSLy3	High	MinProteins + Composition	47	92	pSLy3_Composition_9	95	92
NZ_CP022167	113428	pSLy3	High	MinProteins + Composition	47	85	pSLy3_Composition_2	91	88
NZ_AP017612	108986	pSLy3	High	MinProteins + Composition	47	94	pSLy3_Composition_9	95	94
NZ_CP024271	103618	pSLy3	High	MinProteins + Composition	47	75	pSLy3_Composition_13	77	77
NZ_CP019283	128323	pSLy3	High	MinProteins + Composition	47	89	pSLy3_Composition_9	95	94
NZ_CP027369	109641	pSLy3	High	MinProteins + Composition	47	89	pSLy3_Composition_52	92	89
NZ_CP027358	110001	pSLy3	High	MinProteins + Composition	47	90	pSLy3_Composition_16	90	90
NZ_CP028433	120253	pSLy3	High	MinProteins + Composition	47	91	pSLy3_Composition_9	95	92
NZ_CP031136	109442	pSLy3	High	MinProteins + Composition	47	91	pSLy3_Composition_8	94	91
NZ_CP033097	113610	pSLy3	High	MinProteins + Composition	47	79	pSLy3_Composition_19	84	84
NZ_CP033252	110417	pSLy3	High	MinProteins + Composition	47	57	pSLy3_Composition_20	78	78
NZ_CP023851	110452	pSLy3	High	MinProteins + Composition	47	94	pSLy3_Composition_9	95	94
NZ_CP025870	100470	pSLy3	High	MinProteins + Composition	47	68	pSLy3_Composition_22	72	72
NZ_CP025868	100473	pSLy3	High	MinProteins + Composition	47	68	pSLy3_Composition_22	72	72
NZ_CP025883	100473	pSLy3	High	MinProteins + Composition	47	68	pSLy3_Composition_22	72	72
NZ_CP025894	100473	pSLy3	High	MinProteins + Composition	47	68	pSLy3_Composition_22	72	72
NZ_CP031294	110686	pSLy3	High	MinProteins + Composition	47	92	pSLy3_Composition_9	95	92
NZ_CP029421	101340	pSLy3	High	MinProteins + Composition	47	77	pSLy3_Composition_27	77	77
NZ_CP041451	114322	pSLy3	High	MinProteins + Composition	47	86	pSLy3_Composition_28	88	88
NZ_CP045278	111694	pSLy3	High	MinProteins + Composition	47	94	pSLy3_Composition_9	95	94
NZ_CP046008	114129	pSLy3	High	MinProteins + Composition	47	54	pSLy3_Composition_30	73	73
NZ_CP045191	113072	pSLy3	High	MinProteins + Composition	47	88	pSLy3_Composition_9	95	92
NZ_CP041423	110902	pSLy3	High	MinProteins + Composition	47	93	pSLy3_Composition_9	95	94
NZ_CP041426	114158	pSLy3	High	MinProteins + Composition	47	81	pSLy3_Composition_33	86	86
NZ_CP048306	110182	pSLy3	High	MinProteins + Composition	47	93	pSLy3_Composition_9	95	94
NZ_CP053233	112229	pSLy3	High	MinProteins + Composition	47	88	pSLy3_Composition_35	90	90
NZ_AP023193	112963	pSLy3	High	MinProteins + Composition	47	90	pSLy3_Composition_9	95	92
NZ_AP023200	112965	pSLy3	High	MinProteins + Composition	47	90	pSLy3_Composition_9	95	92
NZ_CP050499	76269	pSLy3	Medium	MinProteins + Composition	47	62	pSLy3_Composition_38	62	62
NZ_CP058309	109907	pSLy3	High	MinProteins + Composition	47	91	pSLy3_Composition_39	91	91
NZ_CP058356	112466	pSLy3	High	MinProteins + Composition	47	89	pSLy3_Composition_40	90	90
NZ_AP022089	110167	pSLy3	High	MinProteins + Composition	47	94	pSLy3_Composition_9	95	94
NZ_CP061531	108197	pSLy3	High	MinProteins + Composition	47	92	pSLy3_Composition_9	95	93
NZ_AP022542	113269	pSLy3	High	MinProteins + Composition	47	93	pSLy3_Composition_9	95	93
NZ_CP062814	114826	pSLy3	High	MinProteins + Composition	47	89	pSLy3_Composition_26	92	89
NZ_CP019354	107661	pSLy3	High	MinProteins + Composition	47	93	pSLy3_Composition_9	95	93
NZ_CP070074	115209	pSLy3	High	MinProteins + Composition	47	92	pSLy3_Composition_9	95	94
NZ_CP070135	108185	pSLy3	High	MinProteins + Composition	47	92	pSLy3_Composition_9	95	92
NZ_CP070908	111012	pSLy3	High	MinProteins + Composition	47	88	pSLy3_Composition_26	92	90
NZ_LR882992	109318	pSLy3	High	MinProteins + Composition	47	95	pSLy3_Composition_9	95	95
NZ_LR890608	115278	pSLy3	High	MinProteins + Composition	47	93	pSLy3_Composition_9	95	93
NZ_CP022085	109945	pSLy3	High	MinProteins + Composition	47	92	pSLy3_Composition_9	95	92
NC_018651	109274	pSLy3	High	MinProteins + Composition	47	92	pSLy3_Composition_9	95	92
NZ_CP024264	72060	pSLy3	Low	MinProteins + Composition	47	60	pSLy3_Composition_53	60	60
NZ_CP061757	112745	pSLy3	High	MinProteins + Composition	47	92	pSLy3_Composition_9	95	92
NZ_CP062914	120310	pSLy3	High	MinProteins + Composition	47	90	pSLy3_Composition_26	92	90
NZ_CP062852	107422	pSLy3	High	MinProteins + Composition	47	89	pSLy3_Composition_9	95	93
NZ_CP062854	107422	pSLy3	High	MinProteins + Composition	47	89	pSLy3_Composition_9	95	93
NZ_CP056962	106982	pSLy3	High	MinProteins + Composition	47	56	pSLy3_Composition_58	81	81
NZ_CP056969	106982	pSLy3	High	MinProteins + Composition	47	56	pSLy3_Composition_58	81	81
NZ_CP057094	106378	pSLy3	High	MinProteins + Composition	47	56	pSLy3_Composition_58	81	81
NZ_CP057658	110777	pSLy3	High	MinProteins + Composition	47	95	pSLy3_Composition_9	95	95
NZ_CP056704	112125	pKpn	High	MinProteins + Composition	38	68	pKpn_Composition_5	82	82
NZ_AP014953	104259	SSU5_pHCM2	High	MinProteins + Composition	71	72	SSU5_pHCM2_Composition_27	81	81
NZ_LR890314	109877	pKpn	High	MinProteins + Composition	38	81	pKpn_Composition_10	89	87
NZ_CP008931	111693	pKpn	High	MinProteins + Composition	38	82	pKpn_Composition_21	87	86
NZ_CP015755	109349	pKpn	High	MinProteins + Composition	38	87	pKpn_Composition_10	89	88
NZ_CP014756	121030	pKpn	High	MinProteins + Composition	38	80	pKpn_Composition_9	83	83
NZ_CP016161	109349	pKpn	High	MinProteins + Composition	38	88	pKpn_Composition_10	89	89
NZ_CP027045	108879	pKpn	High	MinProteins + Composition	38	86	pKpn_Composition_10	89	87
NZ_CP016924	111539	pKpn	High	MinProteins + Composition	38	88	pKpn_Composition_10	89	89
NZ_CP012570	111236	pKpn	High	MinProteins + Composition	38	87	pKpn_Composition_10	89	88
NZ_CP012565	112059	pKpn	High	MinProteins + Composition	38	87	pKpn_Composition_10	89	88
NZ_CP012427	126466	pKpn	Medium	MinProteins + Composition	38	86	pKpn_Composition_15	86	86
NZ_CP020063	109019	pKpn	High	MinProteins + Composition	38	87	pKpn_Composition_10	89	87
NZ_CP021714	106541	pKpn	High	MinProteins + Composition	38	88	pKpn_Composition_10	89	88
NZ_CP021962	132217	pKpn	Medium	MinProteins + Composition	38	86	pKpn_Composition_10	89	87
NZ_CP021940	112868	pKpn	High	MinProteins + Composition	38	80	pKpn_Composition_9	83	83
NZ_CP021945	112868	pKpn	High	MinProteins + Composition	38	79	pKpn_Composition_9	83	82
NZ_CP022128	111692	pKpn	High	MinProteins + Composition	38	83	pKpn_Composition_10	89	87
NZ_CP024460	112745	pKpn	High	MinProteins + Composition	38	84	pKpn_Composition_22	85	85
NZ_CP036373	108291	pKpn	High	MinProteins + Composition	38	88	pKpn_Composition_10	89	88
NZ_CP025467	246557	pKpn	Low	MinProteins	38	50	NA	NA	NA
NZ_CP027155	49000	pKpn	Low	MinProteins	38	47	NA	NA	NA
NZ_CP024877	109720	pKpn	High	MinProteins + Composition	38	83	pKpn_Composition_59	86	84
NZ_CP028997	109938	pKpn	High	MinProteins + Composition	38	89	pKpn_Composition_10	89	89
NZ_CP031791	109702	pKpn	High	MinProteins + Composition	38	88	pKpn_Composition_10	89	88
NZ_CP031803	111123	pKpn	High	MinProteins + Composition	38	89	pKpn_Composition_10	89	89
NZ_CP032187	110928	pKpn	High	MinProteins + Composition	38	87	pKpn_Composition_10	89	88
NZ_CP032225	108879	pKpn	High	MinProteins + Composition	38	86	pKpn_Composition_10	89	87
NZ_CP034047	113143	pKpn	High	MinProteins + Composition	38	80	pKpn_Composition_6	87	85
NZ_CP026134	112465	pKpn	High	MinProteins + Composition	38	82	pKpn_Composition_31	83	83
NZ_CP026138	113246	pKpn	High	MinProteins + Composition	38	84	pKpn_Composition_32	85	85
NZ_CP026150	112458	pKpn	High	MinProteins + Composition	38	86	pKpn_Composition_10	89	87
NZ_CP026165	111252	pKpn	High	MinProteins + Composition	38	85	pKpn_Composition_34	86	86
NZ_CP036194	108957	pKpn	High	MinProteins + Composition	38	82	pKpn_Composition_35	84	83
NZ_CP040729	112707	pKpn	High	MinProteins + Composition	38	77	pKpn_Composition_36	80	80
NZ_CP044030	105728	pKpn	High	MinProteins + Composition	38	88	pKpn_Composition_10	89	88
NZ_CP041929	110643	pKpn	High	MinProteins + Composition	38	88	pKpn_Composition_10	89	88
NZ_CP044034	114663	pKpn	High	MinProteins + Composition	38	85	pKpn_Composition_34	86	86
NZ_CP044046	109938	pKpn	High	MinProteins + Composition	38	84	pKpn_Composition_15	86	84
NZ_CP046383	150248	pKpn	Low	MinProteins + Composition	38	88	pKpn_Composition_10	89	88
NZ_CP046951	150267	pKpn	Low	MinProteins + Composition	38	89	pKpn_Composition_10	89	89
NZ_CP046941	150240	pKpn	Low	MinProteins + Composition	38	89	pKpn_Composition_10	89	89
NZ_CP045677	128536	pKpn	Medium	MinProteins + Composition	38	82	pKpn_Composition_26	88	86
NZ_CP047636	109004	pKpn	High	MinProteins + Composition	38	88	pKpn_Composition_10	89	88
NZ_CP040026	109938	pKpn	High	MinProteins + Composition	38	89	pKpn_Composition_10	89	89
NZ_CP050365	115360	pKpn	High	MinProteins + Composition	38	81	pKpn_Composition_21	87	85
NZ_CP061391	112025	pKpn	High	MinProteins + Composition	38	81	pKpn_Composition_48	83	83
NZ_CP061398	121507	pKpn	High	MinProteins + Composition	38	87	pKpn_Composition_10	89	87
NZ_AP023149	111317	pKpn	High	MinProteins + Composition	38	79	pKpn_Composition_50	81	81
NZ_CP055511	115055	pKpn	High	MinProteins + Composition	38	80	pKpn_Composition_51	85	84
NZ_CP059316	109568	pKpn	High	MinProteins + Composition	38	85	pKpn_Composition_52	86	85
NZ_CP056224	111674	pKpn	High	MinProteins + Composition	38	86	pKpn_Composition_10	89	87
NZ_CP056303	108572	pKpn	High	MinProteins + Composition	38	88	pKpn_Composition_10	89	88
NZ_CP056309	113854	pKpn	High	MinProteins + Composition	38	80	pKpn_Composition_51	85	84
NZ_CP056436	107037	pKpn	High	MinProteins + Composition	38	87	pKpn_Composition_10	89	88
NZ_CP061056	113014	pKpn	High	MinProteins + Composition	38	86	pKpn_Composition_15	86	86
NZ_CP061065	113014	pKpn	High	MinProteins + Composition	38	86	pKpn_Composition_15	86	86
NZ_CP063217	111290	pKpn	High	MinProteins + Composition	38	86	pKpn_Composition_17	88	86
NZ_CP050338	110529	pKpn	High	MinProteins + Composition	38	86	pKpn_Composition_60	86	86
NZ_CP050344	110529	pKpn	High	MinProteins + Composition	38	86	pKpn_Composition_60	86	86
NZ_CP050350	110529	pKpn	High	MinProteins + Composition	38	86	pKpn_Composition_60	86	86
NZ_CP050356	110529	pKpn	High	MinProteins + Composition	38	86	pKpn_Composition_60	86	86
NZ_CP063862	110270	pKpn	High	MinProteins + Composition	38	84	pKpn_Composition_85	87	85
NZ_CP063853	110270	pKpn	High	MinProteins + Composition	38	84	pKpn_Composition_85	87	85
NZ_CP063873	112160	pKpn	High	MinProteins + Composition	38	86	pKpn_Composition_17	88	86
NZ_CP063882	110388	pKpn	High	MinProteins + Composition	38	89	pKpn_Composition_10	89	89
NZ_CP064210	111436	pKpn	High	MinProteins + Composition	38	88	pKpn_Composition_10	89	88
NZ_CP064259	394328	pKpn	Low	MinProteins + Composition	38	82	pKpn_Composition_34	86	84
NZ_CP064213	116596	pKpn	High	MinProteins + Composition	38	81	pKpn_Composition_69	83	83
NZ_CP065450	109941	pKpn	High	MinProteins + Composition	38	87	pKpn_Composition_10	89	87
NZ_CP017778	225961	pKpn	Low	MinProteins	38	67	NA	NA	NA
NZ_CP069855	104812	pKpn	High	MinProteins + Composition	38	74	pKpn_Composition_71	75	75
NZ_CP070439	111238	pKpn	High	MinProteins + Composition	38	87	pKpn_Composition_10	89	88
NZ_LR890237	112069	pKpn	High	MinProteins + Composition	38	82	pKpn_Composition_10	89	87
NZ_LR890257	111123	pKpn	High	MinProteins + Composition	38	89	pKpn_Composition_10	89	89
NZ_LR890293	113743	pKpn	High	MinProteins + Composition	38	84	pKpn_Composition_34	86	86
NZ_LR890429	111123	pKpn	High	MinProteins + Composition	38	89	pKpn_Composition_10	89	89
NZ_LR890555	112133	pKpn	High	MinProteins + Composition	38	87	pKpn_Composition_10	89	87
NZ_LR890544	111995	pKpn	High	MinProteins + Composition	38	86	pKpn_Composition_26	88	86
NZ_LR890503	111123	pKpn	High	MinProteins + Composition	38	89	pKpn_Composition_10	89	89
NZ_LR890518	111123	pKpn	High	MinProteins + Composition	38	89	pKpn_Composition_10	89	89
NZ_LR890705	111123	pKpn	High	MinProteins + Composition	38	89	pKpn_Composition_10	89	89
NZ_CP019050	111083	pKpn	High	MinProteins + Composition	38	84	pKpn_Composition_13	88	86
NZ_CP041101	111334	pKpn	High	MinProteins + Composition	38	84	pKpn_Composition_6	87	85
NZ_CP028544	110562	pKpn	High	MinProteins + Composition	38	85	pKpn_Composition_17	88	86
NZ_CP030268	111007	pKpn	High	MinProteins + Composition	38	86	pKpn_Composition_10	89	87
NZ_CP040597	111583	pKpn	High	MinProteins + Composition	38	85	pKpn_Composition_86	86	86
NC_016838	122799	pKpn	High	MinProteins + Composition	38	78	pKpn_Composition_87	85	84
NZ_CP028550	110186	pKpn	High	MinProteins + Composition	38	81	pKpn_Composition_52	86	84
NZ_CP023984	111425	pKpn	High	MinProteins + Composition	38	76	pKpn_Composition_89	82	81
NZ_CP065165	114132	pKpn	High	MinProteins + Composition	38	79	pKpn_Composition_90	86	85
NC_018843	103299	SSU5_pHCM2	High	MinProteins + Composition	71	85	SSU5_pHCM2_Composition_28	85	85
NZ_CP030187	106569	SSU5_pHCM2	Medium	Composition	71	34	SSU5_pHCM2_Composition_1	90	88
NZ_CP029929	106706	SSU5_pHCM2	High	MinProteins + Composition	71	90	SSU5_pHCM2_Composition_1	90	90
NZ_CP029951	106706	SSU5_pHCM2	High	MinProteins + Composition	71	89	SSU5_pHCM2_Composition_1	90	89
NZ_CP029865	106706	SSU5_pHCM2	High	MinProteins + Composition	71	89	SSU5_pHCM2_Composition_1	90	89
NZ_CP029867	106706	SSU5_pHCM2	High	MinProteins + Composition	71	89	SSU5_pHCM2_Composition_1	90	89
NZ_CP029898	106705	SSU5_pHCM2	High	MinProteins + Composition	71	89	SSU5_pHCM2_Composition_1	90	89
NZ_CP029889	106706	SSU5_pHCM2	High	MinProteins + Composition	71	89	SSU5_pHCM2_Composition_1	90	89
NZ_CP029891	106706	SSU5_pHCM2	High	MinProteins + Composition	71	89	SSU5_pHCM2_Composition_1	90	89
NZ_CP029893	106706	SSU5_pHCM2	High	MinProteins + Composition	71	90	SSU5_pHCM2_Composition_1	90	90
NZ_CP029901	106706	SSU5_pHCM2	High	MinProteins + Composition	71	90	SSU5_pHCM2_Composition_1	90	90
NZ_CP029876	106706	SSU5_pHCM2	High	MinProteins + Composition	71	89	SSU5_pHCM2_Composition_1	90	89
NZ_CP029916	106706	SSU5_pHCM2	High	MinProteins + Composition	71	89	SSU5_pHCM2_Composition_1	90	89
NZ_CP029921	106706	SSU5_pHCM2	High	MinProteins + Composition	71	90	SSU5_pHCM2_Composition_1	90	90
NZ_CP029884	106706	SSU5_pHCM2	High	MinProteins + Composition	71	89	SSU5_pHCM2_Composition_1	90	89
NZ_CP029905	106706	SSU5_pHCM2	High	MinProteins + Composition	71	89	SSU5_pHCM2_Composition_1	90	89
NZ_CP029847	106705	SSU5_pHCM2	High	MinProteins + Composition	71	88	SSU5_pHCM2_Composition_1	90	89
NZ_CP029961	106705	SSU5_pHCM2	High	MinProteins + Composition	71	90	SSU5_pHCM2_Composition_1	90	90
NZ_CP029849	106706	SSU5_pHCM2	High	MinProteins + Composition	71	89	SSU5_pHCM2_Composition_1	90	89
NZ_CP029851	106705	SSU5_pHCM2	High	MinProteins + Composition	71	89	SSU5_pHCM2_Composition_1	90	90
NZ_CP029857	106706	SSU5_pHCM2	High	MinProteins + Composition	71	89	SSU5_pHCM2_Composition_1	90	89
NZ_CP029859	106706	SSU5_pHCM2	High	MinProteins + Composition	71	90	SSU5_pHCM2_Composition_1	90	90
NZ_CP029647	106706	SSU5_pHCM2	High	MinProteins + Composition	71	89	SSU5_pHCM2_Composition_1	90	89
NZ_CP040567	105670	SSU5_pHCM2	High	MinProteins + Composition	71	89	SSU5_pHCM2_Composition_1	90	89
NZ_CP014995	109917	SSU5_pHCM2	High	MinProteins + Composition	71	89	SSU5_pHCM2_Composition_1	90	89
NZ_CP033346	109917	SSU5_pHCM2	High	MinProteins + Composition	71	89	SSU5_pHCM2_Composition_1	90	89
NC_003385	106516	SSU5_pHCM2	High	MinProteins + Composition	71	89	SSU5_pHCM2_Composition_1	90	88
NZ_CP044180	106569	SSU5_pHCM2	Medium	Composition	71	34	SSU5_pHCM2_Composition_1	90	88
NZ_CP017724	106449	SSU5_pHCM2	High	MinProteins + Composition	71	90	SSU5_pHCM2_Composition_1	90	90
NZ_CP014707	101118	pSLy3	Medium	Composition	47	5	pSLy3_Composition_38	62	60
